feature,importance
此前是否发生事故,0.5070743401023298
车龄,0.325697367089124
年龄,0.11290119746423224
是否购买过车险,0.05158646346302186
购买保险渠道,0.0018944181611066063
距离上次沟通时间,0.0005043850567218183
所在地区代码,0.0003418286634636938
性别,0.0
年保费,0.0
是否有驾照,0.0
